Run ID,District Number,Total Costs,Run Time
1,1,35332,0.004814863204956055
2,1,35332,0.004393100738525391
3,1,35332,0.00442814826965332
4,1,35332,0.004425048828125
5,1,35332,0.004429817199707031
6,1,35332,0.004417896270751953
7,1,35332,0.004755973815917969
8,1,35332,0.004322052001953125
9,1,35332,0.004324197769165039
10,1,35332,0.004289150238037109
11,1,35332,0.004290103912353516
12,1,35332,0.004270076751708984
13,1,35332,0.0043010711669921875
14,1,35332,0.004261970520019531
15,1,35332,0.00422978401184082
16,1,35332,0.004189014434814453
17,1,35332,0.00428009033203125
18,1,35332,0.004164934158325195
19,1,35332,0.004395008087158203
20,1,35332,0.004148006439208984
21,1,35332,0.00427699089050293
22,1,35332,0.004175901412963867
23,1,35332,0.004285097122192383
24,1,35332,0.004228830337524414
25,1,35332,0.00423121452331543
26,1,35332,0.004164218902587891
27,1,35332,0.004180192947387695
28,1,35332,0.004214048385620117
29,1,35332,0.004233837127685547
30,1,35332,0.004148960113525391
31,1,35332,0.004301786422729492
32,1,35332,0.0041408538818359375
33,1,35332,0.004302024841308594
34,1,35332,0.0041539669036865234
35,1,35332,0.004307746887207031
36,1,35332,0.004151105880737305
37,1,35332,0.004274129867553711
38,1,35332,0.00414729118347168
39,1,35332,0.004255056381225586
40,1,35332,0.004166126251220703
41,1,35332,0.004231929779052734
42,1,35332,0.0041310787200927734
43,1,35332,0.004347085952758789
44,1,35332,0.004108905792236328
45,1,35332,0.004261970520019531
46,1,35332,0.004148006439208984
47,1,35332,0.00423884391784668
48,1,35332,0.004119873046875
49,1,35332,0.0042819976806640625
50,1,35332,0.004169940948486328
51,1,35332,0.0042760372161865234
52,1,35332,0.004143238067626953
53,1,35332,0.004259824752807617
54,1,35332,0.0041162967681884766
55,1,35332,0.004248142242431641
56,1,35332,0.004106998443603516
57,1,35332,0.00422978401184082
58,1,35332,0.004121303558349609
59,1,35332,0.004282236099243164
60,1,35332,0.004103899002075195
61,1,35332,0.00422978401184082
62,1,35332,0.004134178161621094
63,1,35332,0.004266977310180664
64,1,35332,0.00413203239440918
65,1,35332,0.004270076751708984
66,1,35332,0.004110097885131836
67,1,35332,0.004240751266479492
68,1,35332,0.004099845886230469
69,1,35332,0.0042111873626708984
70,1,35332,0.004124879837036133
71,1,35332,0.004216670989990234
72,1,35332,0.00412297248840332
73,1,35332,0.004269123077392578
74,1,35332,0.004282951354980469
75,1,35332,0.0041351318359375
76,1,35332,0.0042726993560791016
77,1,35332,0.00414276123046875
78,1,35332,0.0042629241943359375
79,1,35332,0.004103899002075195
80,1,35332,0.004263877868652344
81,1,35332,0.0041348934173583984
82,1,35332,0.004232168197631836
83,1,35332,0.004119157791137695
84,1,35332,0.004227876663208008
85,1,35332,0.004126787185668945
86,1,35332,0.004221916198730469
87,1,35332,0.004148960113525391
88,1,35332,0.004232883453369141
89,1,35332,0.00409698486328125
90,1,35332,0.0042417049407958984
91,1,35332,0.004137992858886719
92,1,35332,0.004225969314575195
93,1,35332,0.004140138626098633
94,1,35332,0.004208087921142578
95,1,35332,0.004133939743041992
96,1,35332,0.004252910614013672
97,1,35332,0.004116058349609375
98,1,35332,0.004248142242431641
99,1,35332,0.004153728485107422
100,1,35332,0.004177093505859375
101,1,35332,0.004118919372558594
102,1,35332,0.004216909408569336
103,1,35332,0.004140615463256836
104,1,35332,0.004227876663208008
105,1,35332,0.004188060760498047
106,1,35332,0.004251241683959961
107,1,35332,0.004162788391113281
108,1,35332,0.004225015640258789
109,1,35332,0.004181861877441406
110,1,35332,0.004191875457763672
111,1,35332,0.004172801971435547
112,1,35332,0.004261016845703125
113,1,35332,0.004187107086181641
114,1,35332,0.004224061965942383
115,1,35332,0.004171133041381836
116,1,35332,0.004213094711303711
117,1,35332,0.004209995269775391
118,1,35332,0.004221200942993164
119,1,35332,0.004338264465332031
120,1,35332,0.004257917404174805
121,1,35332,0.00424504280090332
122,1,35332,0.004282951354980469
123,1,35332,0.004250049591064453
124,1,35332,0.004271984100341797
125,1,35332,0.004145145416259766
126,1,35332,0.004199028015136719
127,1,35332,0.004231929779052734
128,1,35332,0.0042951107025146484
129,1,35332,0.004163026809692383
130,1,35332,0.004225969314575195
131,1,35332,0.0041620731353759766
132,1,35332,0.004251956939697266
133,1,35332,0.004138946533203125
134,1,35332,0.004300832748413086
135,1,35332,0.004126787185668945
136,1,35332,0.004248857498168945
137,1,35332,0.004148960113525391
138,1,35332,0.004266023635864258
139,1,35332,0.004197835922241211
140,1,35332,0.004303932189941406
141,1,35332,0.004164218902587891
142,1,35332,0.004286050796508789
143,1,35332,0.004131793975830078
144,1,35332,0.004273176193237305
145,1,35332,0.004155874252319336
146,1,35332,0.004281044006347656
147,1,35332,0.004166126251220703
148,1,35332,0.00426483154296875
149,1,35332,0.004121065139770508
150,1,35332,0.004256010055541992
151,1,35332,0.0041158199310302734
152,1,35332,0.004163026809692383
153,1,35332,0.004197835922241211
154,1,35332,0.004199028015136719
155,1,35332,0.004096031188964844
156,1,35332,0.0042498111724853516
157,1,35332,0.004118919372558594
158,1,35332,0.004166841506958008
159,1,35332,0.0041348934173583984
160,1,35332,0.004194974899291992
161,1,35332,0.004155874252319336
162,1,35332,0.00427699089050293
163,1,35332,0.0041501522064208984
164,1,35332,0.00419306755065918
165,1,35332,0.004201412200927734
166,1,35332,0.004213094711303711
167,1,35332,0.0041768550872802734
168,1,35332,0.004217863082885742
169,1,35332,0.004172086715698242
170,1,35332,0.004155874252319336
171,1,35332,0.004194021224975586
172,1,35332,0.004194021224975586
173,1,35332,0.004173994064331055
174,1,35332,0.004164934158325195
175,1,35332,0.004178047180175781
176,1,35332,0.004183053970336914
177,1,35332,0.004228115081787109
178,1,35332,0.004225015640258789
179,1,35332,0.004189014434814453
180,1,35332,0.0042340755462646484
181,1,35332,0.004200935363769531
182,1,35332,0.0041730403900146484
183,1,35332,0.00421595573425293
184,1,35332,0.00429987907409668
185,1,35332,0.004168987274169922
186,1,35332,0.004252910614013672
187,1,35332,0.004158973693847656
188,1,35332,0.00428009033203125
189,1,35332,0.004178047180175781
190,1,35332,0.0042209625244140625
191,1,35332,0.004173755645751953
192,1,35332,0.004300117492675781
193,1,35332,0.00414586067199707
194,1,35332,0.004209041595458984
195,1,35332,0.00419306755065918
196,1,35332,0.004275083541870117
197,1,35332,0.0041882991790771484
198,1,35332,0.004283905029296875
199,1,35332,0.004179239273071289
200,1,35332,0.004232883453369141
201,1,35332,0.004152059555053711
202,1,35332,0.004272937774658203
203,1,35332,0.004207134246826172
204,1,35332,0.004302978515625
205,1,35332,0.004338979721069336
206,1,35332,0.0043337345123291016
207,1,35332,0.0043261051177978516
208,1,35332,0.0043447017669677734
209,1,35332,0.004260063171386719
210,1,35332,0.004308938980102539
211,1,35332,0.0042569637298583984
212,1,35332,0.004297018051147461
213,1,35332,0.00419306755065918
214,1,35332,0.004336118698120117
215,1,35332,0.0042209625244140625
216,1,35332,0.004315853118896484
217,1,35332,0.004233121871948242
218,1,35332,0.004364013671875
219,1,35332,0.004244089126586914
220,1,35332,0.0043489933013916016
221,1,35332,0.0042150020599365234
222,1,35332,0.00434112548828125
223,1,35332,0.004251956939697266
224,1,35332,0.0043239593505859375
225,1,35332,0.00424504280090332
226,1,35332,0.004319906234741211
227,1,35332,0.004239082336425781
228,1,35332,0.0042650699615478516
229,1,35332,0.0042421817779541016
230,1,35332,0.0043108463287353516
231,1,35332,0.004244089126586914
232,1,35332,0.00426483154296875
233,1,35332,0.0042269229888916016
234,1,35332,0.004283905029296875
235,1,35332,0.004236936569213867
236,1,35332,0.0042192935943603516
237,1,35332,0.004241943359375
238,1,35332,0.004256725311279297
239,1,35332,0.00432276725769043
240,1,35332,0.004204988479614258
241,1,35332,0.004275798797607422
242,1,35332,0.0042340755462646484
243,1,35332,0.0042459964752197266
244,1,35332,0.004238128662109375
245,1,35332,0.004352092742919922
246,1,35332,0.004249095916748047
247,1,35332,0.00441431999206543
248,1,35332,0.004411935806274414
249,1,35332,0.004406929016113281
250,1,35332,0.0043752193450927734
251,1,35332,0.004325151443481445
252,1,35332,0.004235029220581055
253,1,35332,0.004263877868652344
254,1,35332,0.0043048858642578125
255,1,35332,0.0042188167572021484
256,1,35332,0.004279136657714844
257,1,35332,0.004225015640258789
258,1,35332,0.0042417049407958984
259,1,35332,0.004235029220581055
260,1,35332,0.0042798519134521484
261,1,35332,0.0043370723724365234
262,1,35332,0.004244089126586914
263,1,35332,0.004220247268676758
264,1,35332,0.004251956939697266
265,1,35332,0.004344940185546875
266,1,35332,0.004248142242431641
267,1,35332,0.004292011260986328
268,1,35332,0.0042378902435302734
269,1,35332,0.004322052001953125
270,1,35332,0.00422978401184082
271,1,35332,0.004325151443481445
272,1,35332,0.004205942153930664
273,1,35332,0.0043027400970458984
274,1,35332,0.004225015640258789
275,1,35332,0.004303693771362305
276,1,35332,0.004231929779052734
277,1,35332,0.004292011260986328
278,1,35332,0.004238128662109375
279,1,35332,0.004297971725463867
280,1,35332,0.004266023635864258
281,1,35332,0.004326820373535156
282,1,35332,0.00423884391784668
283,1,35332,0.004343986511230469
284,1,35332,0.004243135452270508
285,1,35332,0.0043239593505859375
286,1,35332,0.00428009033203125
287,1,35332,0.004293918609619141
288,1,35332,0.004239082336425781
289,1,35332,0.004337787628173828
290,1,35332,0.0042629241943359375
291,1,35332,0.004281044006347656
292,1,35332,0.004277944564819336
293,1,35332,0.004271030426025391
294,1,35332,0.004355192184448242
295,1,35332,0.004258155822753906
296,1,35332,0.004266977310180664
297,1,35332,0.004251003265380859
298,1,35332,0.0043413639068603516
299,1,35332,0.004366159439086914
300,1,35332,0.0042498111724853516
301,1,35332,0.00435185432434082
302,1,35332,0.004271030426025391
303,1,35332,0.0044040679931640625
304,1,35332,0.004305124282836914
305,1,35332,0.004380941390991211
306,1,35332,0.00409698486328125
307,1,35332,0.004251003265380859
308,1,35332,0.004156827926635742
309,1,35332,0.004209995269775391
310,1,35332,0.004151821136474609
311,1,35332,0.004169940948486328
312,1,35332,0.004129886627197266
313,1,35332,0.004173755645751953
314,1,35332,0.004141092300415039
315,1,35332,0.0041773319244384766
316,1,35332,0.0041599273681640625
317,1,35332,0.004182100296020508
318,1,35332,0.0041501522064208984
319,1,35332,0.004208803176879883
320,1,35332,0.004178047180175781
321,1,35332,0.004193782806396484
322,1,35332,0.004210948944091797
323,1,35332,0.004231929779052734
324,1,35332,0.004231929779052734
325,1,35332,0.00417780876159668
326,1,35332,0.004231929779052734
327,1,35332,0.004139900207519531
328,1,35332,0.00421905517578125
329,1,35332,0.004172086715698242
330,1,35332,0.004265785217285156
331,1,35332,0.004181623458862305
332,1,35332,0.004266977310180664
333,1,35332,0.0041849613189697266
334,1,35332,0.004285097122192383
335,1,35332,0.00415802001953125
336,1,35332,0.004328012466430664
337,1,35332,0.004202365875244141
338,1,35332,0.00427699089050293
339,1,35332,0.0041768550872802734
340,1,35332,0.0042307376861572266
341,1,35332,0.004187107086181641
342,1,35332,0.004278898239135742
343,1,35332,0.0042111873626708984
344,1,35332,0.004167318344116211
345,1,35332,0.004215240478515625
346,1,35332,0.0042192935943603516
347,1,35332,0.004216670989990234
348,1,35332,0.004181861877441406
349,1,35332,0.0042209625244140625
350,1,35332,0.004181623458862305
351,1,35332,0.004227876663208008
352,1,35332,0.0042150020599365234
353,1,35332,0.004163026809692383
354,1,35332,0.0041620731353759766
355,1,35332,0.0042247772216796875
356,1,35332,0.004269123077392578
357,1,35332,0.0041768550872802734
358,1,35332,0.00418400764465332
359,1,35332,0.004079103469848633
360,1,35332,0.0041849613189697266
361,1,35332,0.004169940948486328
362,1,35332,0.00423884391784668
363,1,35332,0.0041217803955078125
364,1,35332,0.00426793098449707
365,1,35332,0.004069089889526367
366,1,35332,0.004206180572509766
367,1,35332,0.00409388542175293
368,1,35332,0.0042917728424072266
369,1,35332,0.004104137420654297
370,1,35332,0.0042459964752197266
371,1,35332,0.004137992858886719
372,1,35332,0.004225015640258789
373,1,35332,0.004106998443603516
374,1,35332,0.004256010055541992
375,1,35332,0.0041239261627197266
376,1,35332,0.004277944564819336
377,1,35332,0.0040569305419921875
378,1,35332,0.004271268844604492
379,1,35332,0.004080057144165039
380,1,35332,0.004266977310180664
381,1,35332,0.004101991653442383
382,1,35332,0.00426483154296875
383,1,35332,0.0040721893310546875
384,1,35332,0.004242897033691406
385,1,35332,0.004092216491699219
386,1,35332,0.00413823127746582
387,1,35332,0.004101991653442383
388,1,35332,0.004216670989990234
389,1,35332,0.004258871078491211
390,1,35332,0.004112958908081055
391,1,35332,0.004190206527709961
392,1,35332,0.004160881042480469
393,1,35332,0.004160165786743164
394,1,35332,0.004118919372558594
395,1,35332,0.004197120666503906
396,1,35332,0.0041310787200927734
397,1,35332,0.0041887760162353516
398,1,35332,0.004247188568115234
399,1,35332,0.004115104675292969
400,1,35332,0.0041217803955078125
401,1,35332,0.004130125045776367
402,1,35332,0.0041348934173583984
403,1,35332,0.004119157791137695
404,1,35332,0.0042018890380859375
405,1,35332,0.004129886627197266
406,1,35332,0.004253864288330078
407,1,35332,0.0041351318359375
408,1,35332,0.00416111946105957
409,1,35332,0.004125356674194336
410,1,35332,0.004225015640258789
411,1,35332,0.004106998443603516
412,1,35332,0.0042340755462646484
413,1,35332,0.004136800765991211
414,1,35332,0.00429987907409668
415,1,35332,0.004100799560546875
416,1,35332,0.00426793098449707
417,1,35332,0.004118204116821289
418,1,35332,0.009914159774780273
419,1,35332,0.004225969314575195
420,1,35332,0.004098176956176758
421,1,35332,0.004175901412963867
422,1,35332,0.004076719284057617
423,1,35332,0.0042188167572021484
424,1,35332,0.004148960113525391
425,1,35332,0.004173994064331055
426,1,35332,0.004109621047973633
427,1,35332,0.004194021224975586
428,1,35332,0.004093170166015625
429,1,35332,0.004196882247924805
430,1,35332,0.004147052764892578
431,1,35332,0.0042018890380859375
432,1,35332,0.00421595573425293
433,1,35332,0.004132270812988281
434,1,35332,0.0041959285736083984
435,1,35332,0.004118680953979492
436,1,35332,0.00426483154296875
437,1,35332,0.004120826721191406
438,1,35332,0.004255056381225586
439,1,35332,0.004170894622802734
440,1,35332,0.004223823547363281
441,1,35332,0.0041081905364990234
442,1,35332,0.004257917404174805
443,1,35332,0.004112958908081055
444,1,35332,0.004236936569213867
445,1,35332,0.004338979721069336
446,1,35332,0.004297971725463867
447,1,35332,0.004308938980102539
448,1,35332,0.004308938980102539
449,1,35332,0.0043179988861083984
450,1,35332,0.004293918609619141
451,1,35332,0.004208087921142578
452,1,35332,0.004186153411865234
453,1,35332,0.004103183746337891
454,1,35332,0.0042607784271240234
455,1,35332,0.004157066345214844
456,1,35332,0.004275083541870117
457,1,35332,0.004144906997680664
458,1,35332,0.004302024841308594
459,1,35332,0.004116058349609375
460,1,35332,0.004266977310180664
461,1,35332,0.004151105880737305
462,1,35332,0.004309177398681641
463,1,35332,0.0042040348052978516
464,1,35332,0.004239082336425781
465,1,35332,0.004165172576904297
466,1,35332,0.004270792007446289
467,1,35332,0.004154205322265625
468,1,35332,0.00426793098449707
469,1,35332,0.0041501522064208984
470,1,35332,0.004220008850097656
471,1,35332,0.004242897033691406
472,1,35332,0.004250288009643555
473,1,35332,0.004234790802001953
474,1,35332,0.004209756851196289
475,1,35332,0.004212856292724609
476,1,35332,0.0042722225189208984
477,1,35332,0.004230976104736328
478,1,35332,0.00431513786315918
479,1,35332,0.004260063171386719
480,1,35332,0.004270076751708984
481,1,35332,0.004208087921142578
482,1,35332,0.0043032169342041016
483,1,35332,0.004082918167114258
484,1,35332,0.004225015640258789
485,1,35332,0.00417327880859375
486,1,35332,0.004227161407470703
487,1,35332,0.00419306755065918
488,1,35332,0.004182100296020508
489,1,35332,0.0041751861572265625
490,1,35332,0.004149913787841797
491,1,35332,0.004192829132080078
492,1,35332,0.004201173782348633
493,1,35332,0.004164218902587891
494,1,35332,0.0042269229888916016
495,1,35332,0.004222869873046875
496,1,35332,0.004199028015136719
497,1,35332,0.004228115081787109
498,1,35332,0.004293918609619141
499,1,35332,0.004173994064331055
500,1,35332,0.00426173210144043
501,1,35332,0.004212141036987305
502,1,35332,0.004271984100341797
503,1,35332,0.0041768550872802734
504,1,35332,0.004273176193237305
505,1,35332,0.00423884391784668
506,1,35332,0.004282712936401367
507,1,35332,0.004299163818359375
508,1,35332,0.004250049591064453
509,1,35332,0.004273891448974609
510,1,35332,0.0042858123779296875
511,1,35332,0.0042951107025146484
512,1,35332,0.0042400360107421875
513,1,35332,0.0042781829833984375
514,1,35332,0.004214048385620117
515,1,35332,0.004269123077392578
516,1,35332,0.004228115081787109
517,1,35332,0.00436711311340332
518,1,35332,0.004227161407470703
519,1,35332,0.004358053207397461
520,1,35332,0.00424504280090332
521,1,35332,0.004351139068603516
522,1,35332,0.004219770431518555
523,1,35332,0.0043451786041259766
524,1,35332,0.004297971725463867
525,1,35332,0.004224061965942383
526,1,35332,0.004251003265380859
527,1,35332,0.004214048385620117
528,1,35332,0.004191160202026367
529,1,35332,0.004230976104736328
530,1,35332,0.004244089126586914
531,1,35332,0.004225015640258789
532,1,35332,0.004225015640258789
533,1,35332,0.004323720932006836
534,1,35332,0.0042307376861572266
535,1,35332,0.004308938980102539
536,1,35332,0.004194736480712891
537,1,35332,0.004288196563720703
538,1,35332,0.004220247268676758
539,1,35332,0.004312753677368164
540,1,35332,0.004221916198730469
541,1,35332,0.004268169403076172
542,1,35332,0.004225015640258789
543,1,35332,0.004316091537475586
544,1,35332,0.0042340755462646484
545,1,35332,0.004300117492675781
546,1,35332,0.004303693771362305
547,1,35332,0.004273891448974609
548,1,35332,0.0042188167572021484
549,1,35332,0.0042989253997802734
550,1,35332,0.010352134704589844
551,1,35332,0.00441288948059082
552,1,35332,0.004192829132080078
553,1,35332,0.004330873489379883
554,1,35332,0.004206180572509766
555,1,35332,0.004301786422729492
556,1,35332,0.004204988479614258
557,1,35332,0.004295825958251953
558,1,35332,0.004204750061035156
559,1,35332,0.004281044006347656
560,1,35332,0.004174947738647461
561,1,35332,0.004339933395385742
562,1,35332,0.0042018890380859375
563,1,35332,0.0042040348052978516
564,1,35332,0.004220247268676758
565,1,35332,0.004218101501464844
566,1,35332,0.004209995269775391
567,1,35332,0.004256010055541992
568,1,35332,0.0042269229888916016
569,1,35332,0.004225730895996094
570,1,35332,0.004306793212890625
571,1,35332,0.004199028015136719
572,1,35332,0.004260063171386719
573,1,35332,0.004224061965942383
574,1,35332,0.004275321960449219
575,1,35332,0.004213094711303711
576,1,35332,0.004341840744018555
577,1,35332,0.004290103912353516
578,1,35332,0.004214763641357422
579,1,35332,0.004256010055541992
580,1,35332,0.0042569637298583984
581,1,35332,0.004242897033691406
582,1,35332,0.004235982894897461
583,1,35332,0.004221916198730469
584,1,35332,0.00423884391784668
585,1,35332,0.004253864288330078
586,1,35332,0.00424504280090332
587,1,35332,0.00419306755065918
588,1,35332,0.004318952560424805
589,1,35332,0.004221916198730469
590,1,35332,0.0043108463287353516
591,1,35332,0.004237174987792969
592,1,35332,0.004339933395385742
593,1,35332,0.004236936569213867
594,1,35332,0.004306793212890625
595,1,35332,0.0042569637298583984
596,1,35332,0.004310131072998047
597,1,35332,0.004246950149536133
598,1,35332,0.004250049591064453
599,1,35332,0.004230022430419922
600,1,35332,0.0042760372161865234
601,1,35332,0.004267215728759766
602,1,35332,0.004266977310180664
603,1,35332,0.004225969314575195
604,1,35332,0.0043659210205078125
605,1,35332,0.004281044006347656
606,1,35332,0.004333019256591797
607,1,35332,0.0043010711669921875
608,1,35332,0.004319906234741211
609,1,35332,0.004250049591064453
610,1,35332,0.004300117492675781
611,1,35332,0.00427699089050293
612,1,35332,0.0041310787200927734
613,1,35332,0.0042171478271484375
614,1,35332,0.004168033599853516
615,1,35332,0.004219770431518555
616,1,35332,0.004157304763793945
617,1,35332,0.004234790802001953
618,1,35332,0.004149198532104492
619,1,35332,0.004317045211791992
620,1,35332,0.0041310787200927734
621,1,35332,0.004307746887207031
622,1,35332,0.0041730403900146484
623,1,35332,0.004302978515625
624,1,35332,0.004184246063232422
625,1,35332,0.004300832748413086
626,1,35332,0.004190921783447266
627,1,35332,0.004294157028198242
628,1,35332,0.0041768550872802734
629,1,35332,0.004297018051147461
630,1,35332,0.004233121871948242
631,1,35332,0.0042400360107421875
632,1,35332,0.004404783248901367
633,1,35332,0.004385948181152344
634,1,35332,0.004327058792114258
635,1,35332,0.004364013671875
636,1,35332,0.004123210906982422
637,1,35332,0.004282236099243164
638,1,35332,0.004110813140869141
639,1,35332,0.004224061965942383
640,1,35332,0.004170894622802734
641,1,35332,0.004138946533203125
642,1,35332,0.004141807556152344
643,1,35332,0.004237174987792969
644,1,35332,0.0041162967681884766
645,1,35332,0.004194974899291992
646,1,35332,0.004171133041381836
647,1,35332,0.0042018890380859375
648,1,35332,0.004167079925537109
649,1,35332,0.004179954528808594
650,1,35332,0.004247903823852539
651,1,35332,0.004190921783447266
652,1,35332,0.00424504280090332
653,1,35332,0.00419306755065918
654,1,35332,0.00423884391784668
655,1,35332,0.004214048385620117
656,1,35332,0.004176139831542969
657,1,35332,0.004206657409667969
658,1,35332,0.004209041595458984
659,1,35332,0.004162788391113281
660,1,35332,0.004172086715698242
661,1,35332,0.004191875457763672
662,1,35332,0.0041790008544921875
663,1,35332,0.004185914993286133
664,1,35332,0.004280805587768555
665,1,35332,0.004179954528808594
666,1,35332,0.00423884391784668
667,1,35332,0.004137992858886719
668,1,35332,0.004198789596557617
669,1,35332,0.0041882991790771484
670,1,35332,0.004258155822753906
671,1,35332,0.0041751861572265625
672,1,35332,0.004242897033691406
673,1,35332,0.0041790008544921875
674,1,35332,0.004246711730957031
675,1,35332,0.004171133041381836
676,1,35332,0.004185914993286133
677,1,35332,0.004144191741943359
678,1,35332,0.0041980743408203125
679,1,35332,0.004127979278564453
680,1,35332,0.0041811466217041016
681,1,35332,0.00416111946105957
682,1,35332,0.010113000869750977
683,1,35332,0.004391908645629883
684,1,35332,0.0043430328369140625
685,1,35332,0.004323720932006836
686,1,35332,0.004365682601928711
687,1,35332,0.004305124282836914
688,1,35332,0.004223346710205078
689,1,35332,0.004190921783447266
690,1,35332,0.004122018814086914
691,1,35332,0.004163980484008789
692,1,35332,0.004204988479614258
693,1,35332,0.004145145416259766
694,1,35332,0.0041599273681640625
695,1,35332,0.004229068756103516
696,1,35332,0.004185199737548828
697,1,35332,0.004316091537475586
698,1,35332,0.00417780876159668
699,1,35332,0.004333972930908203
700,1,35332,0.004191160202026367
701,1,35332,0.004364967346191406
702,1,35332,0.004180431365966797
703,1,35332,0.0043599605560302734
704,1,35332,0.004168033599853516
705,1,35332,0.004294157028198242
706,1,35332,0.004199981689453125
707,1,35332,0.004230022430419922
708,1,35332,0.004188060760498047
709,1,35332,0.004254817962646484
710,1,35332,0.004220008850097656
711,1,35332,0.0043201446533203125
712,1,35332,0.004199028015136719
713,1,35332,0.004353046417236328
714,1,35332,0.0042400360107421875
715,1,35332,0.004296064376831055
716,1,35332,0.004228115081787109
717,1,35332,0.004298210144042969
718,1,35332,0.0042302608489990234
719,1,35332,0.0041370391845703125
720,1,35332,0.004173994064331055
721,1,35332,0.0041921138763427734
722,1,35332,0.004207134246826172
723,1,35332,0.0041692256927490234
724,1,35332,0.004209041595458984
725,1,35332,0.0041959285736083984
726,1,35332,0.004229307174682617
727,1,35332,0.004144906997680664
728,1,35332,0.0041599273681640625
729,1,35332,0.004149198532104492
730,1,35332,0.0042171478271484375
731,1,35332,0.004144906997680664
732,1,35332,0.0042760372161865234
733,1,35332,0.0041463375091552734
734,1,35332,0.0042078495025634766
735,1,35332,0.004228830337524414
736,1,35332,0.004116058349609375
737,1,35332,0.004163980484008789
738,1,35332,0.00415802001953125
739,1,35332,0.004235982894897461
740,1,35332,0.004141807556152344
741,1,35332,0.004264116287231445
742,1,35332,0.004261016845703125
743,1,35332,0.004164934158325195
744,1,35332,0.004254817962646484
745,1,35332,0.0041961669921875
746,1,35332,0.0042607784271240234
747,1,35332,0.004182100296020508
748,1,35332,0.00430607795715332
749,1,35332,0.004198789596557617
750,1,35332,0.00424504280090332
751,1,35332,0.0041620731353759766
752,1,35332,0.0042378902435302734
753,1,35332,0.00419306755065918
754,1,35332,0.004230976104736328
755,1,35332,0.004240989685058594
756,1,35332,0.004304170608520508
757,1,35332,0.004209995269775391
758,1,35332,0.004213809967041016
759,1,35332,0.004202842712402344
760,1,35332,0.004213094711303711
761,1,35332,0.0042171478271484375
762,1,35332,0.004269838333129883
763,1,35332,0.0041961669921875
764,1,35332,0.004293680191040039
765,1,35332,0.004152774810791016
766,1,35332,0.004405975341796875
767,1,35332,0.004183053970336914
768,1,35332,0.004238128662109375
769,1,35332,0.00421905517578125
770,1,35332,0.004348278045654297
771,1,35332,0.00419306755065918
772,1,35332,0.004201173782348633
773,1,35332,0.00421595573425293
774,1,35332,0.0042188167572021484
775,1,35332,0.004189968109130859
776,1,35332,0.004255056381225586
777,1,35332,0.004254817962646484
778,1,35332,0.004149675369262695
779,1,35332,0.004315853118896484
780,1,35332,0.00415802001953125
781,1,35332,0.00432896614074707
782,1,35332,0.004159212112426758
783,1,35332,0.004317045211791992
784,1,35332,0.00415802001953125
785,1,35332,0.004362821578979492
786,1,35332,0.004174232482910156
787,1,35332,0.004324197769165039
788,1,35332,0.0042858123779296875
789,1,35332,0.00413203239440918
790,1,35332,0.00419306755065918
791,1,35332,0.004225969314575195
792,1,35332,0.004125118255615234
793,1,35332,0.0042231082916259766
794,1,35332,0.004158973693847656
795,1,35332,0.004297018051147461
796,1,35332,0.004144191741943359
797,1,35332,0.00424504280090332
798,1,35332,0.004163980484008789
799,1,35332,0.004233121871948242
800,1,35332,0.004116058349609375
801,1,35332,0.00429081916809082
802,1,35332,0.004148006439208984
803,1,35332,0.00427699089050293
804,1,35332,0.0041539669036865234
805,1,35332,0.00417017936706543
806,1,35332,0.004147052764892578
807,1,35332,0.00425410270690918
808,1,35332,0.004124879837036133
809,1,35332,0.004193782806396484
810,1,35332,0.004214048385620117
811,1,35332,0.0041391849517822266
812,1,35332,0.004144906997680664
813,1,35332,0.004180908203125
814,1,35332,0.010268926620483398
815,1,35332,0.00436091423034668
816,1,35332,0.004137992858886719
817,1,35332,0.00431513786315918
818,1,35332,0.004113197326660156
819,1,35332,0.0042760372161865234
820,1,35332,0.0041201114654541016
821,1,35332,0.004161834716796875
822,1,35332,0.0041217803955078125
823,1,35332,0.004179239273071289
824,1,35332,0.0041370391845703125
825,1,35332,0.004191875457763672
826,1,35332,0.004164934158325195
827,1,35332,0.0041599273681640625
828,1,35332,0.0042650699615478516
829,1,35332,0.004165172576904297
830,1,35332,0.004254817962646484
831,1,35332,0.004160881042480469
832,1,35332,0.004230022430419922
833,1,35332,0.00413203239440918
834,1,35332,0.004203081130981445
835,1,35332,0.004172086715698242
836,1,35332,0.004231929779052734
837,1,35332,0.004152774810791016
838,1,35332,0.004196882247924805
839,1,35332,0.004148006439208984
840,1,35332,0.004259824752807617
841,1,35332,0.00422978401184082
842,1,35332,0.004185676574707031
843,1,35332,0.0041429996490478516
844,1,35332,0.004224061965942383
845,1,35332,0.004138946533203125
846,1,35332,0.004316091537475586
847,1,35332,0.004153013229370117
848,1,35332,0.004270792007446289
849,1,35332,0.004141092300415039
850,1,35332,0.004291057586669922
851,1,35332,0.004168987274169922
852,1,35332,0.004235982894897461
853,1,35332,0.0041310787200927734
854,1,35332,0.004180192947387695
855,1,35332,0.004209995269775391
856,1,35332,0.004147052764892578
857,1,35332,0.004163026809692383
858,1,35332,0.004247903823852539
859,1,35332,0.004190206527709961
860,1,35332,0.004164934158325195
861,1,35332,0.00428318977355957
862,1,35332,0.004141807556152344
863,1,35332,0.00432896614074707
864,1,35332,0.004164218902587891
865,1,35332,0.004208087921142578
866,1,35332,0.004152774810791016
867,1,35332,0.004122257232666016
868,1,35332,0.004266023635864258
869,1,35332,0.004247903823852539
870,1,35332,0.004141092300415039
871,1,35332,0.004256725311279297
872,1,35332,0.004147768020629883
873,1,35332,0.004263162612915039
874,1,35332,0.004117012023925781
875,1,35332,0.00432896614074707
876,1,35332,0.004152059555053711
877,1,35332,0.004294157028198242
878,1,35332,0.004167795181274414
879,1,35332,0.004359245300292969
880,1,35332,0.004166126251220703
881,1,35332,0.004331827163696289
882,1,35332,0.0041730403900146484
883,1,35332,0.004256010055541992
884,1,35332,0.00417780876159668
885,1,35332,0.004308938980102539
886,1,35332,0.004192829132080078
887,1,35332,0.004233121871948242
888,1,35332,0.004221916198730469
889,1,35332,0.004252910614013672
890,1,35332,0.004305362701416016
891,1,35332,0.004221916198730469
892,1,35332,0.004361867904663086
893,1,35332,0.00424504280090332
894,1,35332,0.004241943359375
895,1,35332,0.004299163818359375
896,1,35332,0.004232883453369141
897,1,35332,0.004321098327636719
898,1,35332,0.004288911819458008
899,1,35332,0.004233837127685547
900,1,35332,0.0042989253997802734
901,1,35332,0.004243135452270508
902,1,35332,0.004349946975708008
903,1,35332,0.0042572021484375
904,1,35332,0.004199028015136719
905,1,35332,0.00420689582824707
906,1,35332,0.004211902618408203
907,1,35332,0.0041599273681640625
908,1,35332,0.004173994064331055
909,1,35332,0.004167079925537109
910,1,35332,0.004128932952880859
911,1,35332,0.004210948944091797
912,1,35332,0.004153728485107422
913,1,35332,0.004199981689453125
914,1,35332,0.004150867462158203
915,1,35332,0.004354000091552734
916,1,35332,0.00413203239440918
917,1,35332,0.0044651031494140625
918,1,35332,0.004294872283935547
919,1,35332,0.004336833953857422
920,1,35332,0.004331111907958984
921,1,35332,0.004230976104736328
922,1,35332,0.00419306755065918
923,1,35332,0.004244089126586914
924,1,35332,0.0042269229888916016
925,1,35332,0.00428318977355957
926,1,35332,0.004274845123291016
927,1,35332,0.004224061965942383
928,1,35332,0.004378795623779297
929,1,35332,0.004178285598754883
930,1,35332,0.004267215728759766
931,1,35332,0.004128694534301758
932,1,35332,0.004257678985595703
933,1,35332,0.004127979278564453
934,1,35332,0.00423884391784668
935,1,35332,0.004163980484008789
936,1,35332,0.004225015640258789
937,1,35332,0.004148960113525391
938,1,35332,0.004186868667602539
939,1,35332,0.004202127456665039
940,1,35332,0.004198789596557617
941,1,35332,0.0042841434478759766
942,1,35332,0.004201173782348633
943,1,35332,0.0041790008544921875
944,1,35332,0.004197120666503906
945,1,35332,0.0041730403900146484
946,1,35332,0.010879993438720703
947,1,35332,0.004238128662109375
948,1,35332,0.004209280014038086
949,1,35332,0.004247188568115234
950,1,35332,0.004177093505859375
951,1,35332,0.0042607784271240234
952,1,35332,0.004133939743041992
953,1,35332,0.004307985305786133
954,1,35332,0.004144906997680664
955,1,35332,0.004291057586669922
956,1,35332,0.004157066345214844
957,1,35332,0.004235982894897461
958,1,35332,0.004147052764892578
959,1,35332,0.004235982894897461
960,1,35332,0.004210948944091797
961,1,35332,0.00419926643371582
962,1,35332,0.004237174987792969
963,1,35332,0.004205942153930664
964,1,35332,0.004289150238037109
965,1,35332,0.004147768020629883
966,1,35332,0.004317045211791992
967,1,35332,0.004174232482910156
968,1,35332,0.0043680667877197266
969,1,35332,0.0041582584381103516
970,1,35332,0.004263162612915039
971,1,35332,0.004155874252319336
972,1,35332,0.004289865493774414
973,1,35332,0.0042688846588134766
974,1,35332,0.004284858703613281
975,1,35332,0.004254817962646484
976,1,35332,0.004180908203125
977,1,35332,0.00420689582824707
978,1,35332,0.004344940185546875
979,1,35332,0.004235982894897461
980,1,35332,0.004156827926635742
981,1,35332,0.0041577816009521484
982,1,35332,0.0041849613189697266
983,1,35332,0.004163980484008789
984,1,35332,0.004170894622802734
985,1,35332,0.004238128662109375
986,1,35332,0.0041501522064208984
987,1,35332,0.004294872283935547
988,1,35332,0.004194021224975586
989,1,35332,0.0042531490325927734
990,1,35332,0.004195690155029297
991,1,35332,0.004208087921142578
992,1,35332,0.004199028015136719
993,1,35332,0.004255056381225586
994,1,35332,0.00425410270690918
995,1,35332,0.004227876663208008
996,1,35332,0.004254341125488281
997,1,35332,0.004189014434814453
998,1,35332,0.00424504280090332
999,1,35332,0.0043599605560302734
1000,1,35332,0.00413203239440918
1001,1,35332,0.004366159439086914
1002,1,35332,0.0041620731353759766
1003,1,35332,0.004311084747314453
1004,1,35332,0.004179954528808594
1005,1,35332,0.004232883453369141
1006,1,35332,0.0041921138763427734
1007,1,35332,0.004263877868652344
1008,1,35332,0.00419306755065918
1009,1,35332,0.004216194152832031
1010,1,35332,0.004330158233642578
1011,1,35332,0.004242897033691406
1012,1,35332,0.004228830337524414
1013,1,35332,0.004189968109130859
1014,1,35332,0.004289150238037109
1015,1,35332,0.004188060760498047
1016,1,35332,0.00423121452331543
1017,1,35332,0.004231929779052734
1018,1,35332,0.004124879837036133
1019,1,35332,0.0042498111724853516
1020,1,35332,0.00419306755065918
1021,1,35332,0.004250049591064453
1022,1,35332,0.004229068756103516
1023,1,35332,0.004266977310180664
1024,1,35332,0.004350900650024414
1025,1,35332,0.00440669059753418
1026,1,35332,0.004209995269775391
1027,1,35332,0.004358053207397461
1028,1,35332,0.004161834716796875
1029,1,35332,0.004318952560424805
1030,1,35332,0.004160881042480469
1031,1,35332,0.004347801208496094
1032,1,35332,0.004164218902587891
1033,1,35332,0.0043337345123291016
1034,1,35332,0.004179954528808594
1035,1,35332,0.004300832748413086
1036,1,35332,0.004186153411865234
1037,1,35332,0.0042607784271240234
1038,1,35332,0.004332780838012695
1039,1,35332,0.004294872283935547
1040,1,35332,0.0043048858642578125
1041,1,35332,0.0042819976806640625
1042,1,35332,0.004262208938598633
1043,1,35332,0.004245281219482422
1044,1,35332,0.004281282424926758
1045,1,35332,0.004255056381225586
1046,1,35332,0.0042378902435302734
1047,1,35332,0.004251003265380859
1048,1,35332,0.004195690155029297
1049,1,35332,0.0043337345123291016
1050,1,35332,0.004221916198730469
1051,1,35332,0.0043370723724365234
1052,1,35332,0.004374980926513672
1053,1,35332,0.004232883453369141
1054,1,35332,0.004310131072998047
1055,1,35332,0.004200935363769531
1056,1,35332,0.0042591094970703125
1057,1,35332,0.00421905517578125
1058,1,35332,0.004236936569213867
1059,1,35332,0.004232883453369141
1060,1,35332,0.004186153411865234
1061,1,35332,0.0042798519134521484
1062,1,35332,0.004218101501464844
1063,1,35332,0.004333972930908203
1064,1,35332,0.004233121871948242
1065,1,35332,0.004327058792114258
1066,1,35332,0.0042150020599365234
1067,1,35332,0.004328250885009766
1068,1,35332,0.00418400764465332
1069,1,35332,0.0042951107025146484
1070,1,35332,0.004184246063232422
1071,1,35332,0.004235982894897461
1072,1,35332,0.004228115081787109
1073,1,35332,0.004191160202026367
1074,1,35332,0.004321098327636719
1075,1,35332,0.004216909408569336
1076,1,35332,0.004307985305786133
1077,1,35332,0.00420689582824707
1078,1,35332,0.0042192935943603516
1079,1,35332,0.004277944564819336
1080,1,35332,0.004228830337524414
1081,1,35332,0.004197120666503906
1082,1,35332,0.004247188568115234
1083,1,35332,0.0042040348052978516
1084,1,35332,0.0043179988861083984
1085,1,35332,0.004203081130981445
1086,1,35332,0.004322052001953125
1087,1,35332,0.004210948944091797
1088,1,35332,0.004383087158203125
1089,1,35332,0.00434112548828125
1090,1,35332,0.004410743713378906
1091,1,35332,0.004400014877319336
1092,1,35332,0.0043680667877197266
1093,1,35332,0.004410743713378906
1094,1,35332,0.004202127456665039
1095,1,35332,0.0043489933013916016
1096,1,35332,0.0042188167572021484
1097,1,35332,0.004309892654418945
1098,1,35332,0.004230976104736328
1099,1,35332,0.004223823547363281
1100,1,35332,0.0042018890380859375
1101,1,35332,0.004244089126586914
1102,1,35332,0.004207134246826172
1103,1,35332,0.004271984100341797
1104,1,35332,0.004189252853393555
1105,1,35332,0.004308938980102539
1106,1,35332,0.004217863082885742
1107,1,35332,0.004324913024902344
1108,1,35332,0.004208087921142578
1109,1,35332,0.0042760372161865234
1110,1,35332,0.004219770431518555
1111,1,35332,0.004241228103637695
1112,1,35332,0.0042459964752197266
1113,1,35332,0.004071950912475586
1114,1,35332,0.004260063171386719
1115,1,35332,0.004166841506958008
1116,1,35332,0.004266023635864258
1117,1,35332,0.004152059555053711
1118,1,35332,0.004191875457763672
1119,1,35332,0.004109859466552734
1120,1,35332,0.004264116287231445
1121,1,35332,0.004147052764892578
1122,1,35332,0.004215240478515625
1123,1,35332,0.0041620731353759766
1124,1,35332,0.004178047180175781
1125,1,35332,0.004306793212890625
1126,1,35332,0.004348039627075195
1127,1,35332,0.004128932952880859
1128,1,35332,0.004369974136352539
1129,1,35332,0.004136800765991211
1130,1,35332,0.004258871078491211
1131,1,35332,0.004163265228271484
1132,1,35332,0.004202127456665039
1133,1,35332,0.004213094711303711
1134,1,35332,0.004164218902587891
1135,1,35332,0.004306793212890625
1136,1,35332,0.0042018890380859375
1137,1,35332,0.00429987907409668
1138,1,35332,0.004168987274169922
1139,1,35332,0.004251718521118164
1140,1,35332,0.004227161407470703
1141,1,35332,0.0042057037353515625
1142,1,35332,0.004218101501464844
1143,1,35332,0.004142045974731445
1144,1,35332,0.004237651824951172
1145,1,35332,0.004243373870849609
1146,1,35332,0.004261016845703125
1147,1,35332,0.00415492057800293
1148,1,35332,0.004189729690551758
1149,1,35332,0.004331111907958984
1150,1,35332,0.004204988479614258
1151,1,35332,0.004221200942993164
1152,1,35332,0.00418400764465332
1153,1,35332,0.004197120666503906
1154,1,35332,0.004232168197631836
1155,1,35332,0.0041599273681640625
1156,1,35332,0.004258155822753906
1157,1,35332,0.004169940948486328
1158,1,35332,0.004312992095947266
1159,1,35332,0.004163026809692383
1160,1,35332,0.004239082336425781
1161,1,35332,0.004139900207519531
1162,1,35332,0.0042018890380859375
1163,1,35332,0.0041882991790771484
1164,1,35332,0.0041429996490478516
1165,1,35332,0.004216909408569336
1166,1,35332,0.004143953323364258
1167,1,35332,0.004291057586669922
1168,1,35332,0.004122018814086914
1169,1,35332,0.004281282424926758
1170,1,35332,0.004252195358276367
1171,1,35332,0.004225969314575195
1172,1,35332,0.0042040348052978516
1173,1,35332,0.004210948944091797
1174,1,35332,0.004144191741943359
1175,1,35332,0.0042781829833984375
1176,1,35332,0.004158973693847656
1177,1,35332,0.0042917728424072266
1178,1,35332,0.004137992858886719
1179,1,35332,0.004372119903564453
1180,1,35332,0.004148960113525391
1181,1,35332,0.004317045211791992
1182,1,35332,0.004146099090576172
1183,1,35332,0.0043451786041259766
1184,1,35332,0.004173994064331055
1185,1,35332,0.0042629241943359375
1186,1,35332,0.004258155822753906
1187,1,35332,0.004186153411865234
1188,1,35332,0.004307270050048828
1189,1,35332,0.0041692256927490234
1190,1,35332,0.004286050796508789
1191,1,35332,0.0041658878326416016
1192,1,35332,0.004173755645751953
1193,1,35332,0.0042569637298583984
1194,1,35332,0.0041980743408203125
1195,1,35332,0.0041370391845703125
1196,1,35332,0.0042650699615478516
1197,1,35332,0.004139900207519531
1198,1,35332,0.0042188167572021484
1199,1,35332,0.004154205322265625
1200,1,35332,0.004297018051147461
1201,1,35332,0.004150867462158203
1202,1,35332,0.004239082336425781
1203,1,35332,0.004182100296020508
1204,1,35332,0.004244089126586914
1205,1,35332,0.0041239261627197266
1206,1,35332,0.004242897033691406
1207,1,35332,0.004203081130981445
1208,1,35332,0.004139900207519531
1209,1,35332,0.0043561458587646484
1210,1,35332,0.004182100296020508
1211,1,35332,0.004308938980102539
1212,1,35332,0.004248857498168945
1213,1,35332,0.004261016845703125
1214,1,35332,0.004229068756103516
1215,1,35332,0.00442814826965332
1216,1,35332,0.004227161407470703
1217,1,35332,0.004330635070800781
1218,1,35332,0.004228830337524414
1219,1,35332,0.004348039627075195
1220,1,35332,0.004269838333129883
1221,1,35332,0.004328250885009766
1222,1,35332,0.004275083541870117
1223,1,35332,0.004250049591064453
1224,1,35332,0.004384756088256836
1225,1,35332,0.004233837127685547
1226,1,35332,0.004388093948364258
1227,1,35332,0.004251956939697266
1228,1,35332,0.004411935806274414
1229,1,35332,0.004250764846801758
1230,1,35332,0.004380941390991211
1231,1,35332,0.0043909549713134766
1232,1,35332,0.0042726993560791016
1233,1,35332,0.004434108734130859
1234,1,35332,0.004256010055541992
1235,1,35332,0.004378795623779297
1236,1,35332,0.004361152648925781
1237,1,35332,0.0040950775146484375
1238,1,35332,0.00414586067199707
1239,1,35332,0.004177093505859375
1240,1,35332,0.004140615463256836
1241,1,35332,0.004250764846801758
1242,1,35332,0.004135847091674805
1243,1,35332,0.004268169403076172
1244,1,35332,0.004165172576904297
1245,1,35332,0.004251241683959961
1246,1,35332,0.0041751861572265625
1247,1,35332,0.004191160202026367
1248,1,35332,0.004143714904785156
1249,1,35332,0.0042498111724853516
1250,1,35332,0.004125118255615234
1251,1,35332,0.004172086715698242
1252,1,35332,0.004216194152832031
1253,1,35332,0.004173994064331055
1254,1,35332,0.004271030426025391
1255,1,35332,0.004211902618408203
1256,1,35332,0.00427699089050293
1257,1,35332,0.004206180572509766
1258,1,35332,0.004203081130981445
1259,1,35332,0.004347085952758789
1260,1,35332,0.004251241683959961
1261,1,35332,0.004251956939697266
1262,1,35332,0.004257917404174805
1263,1,35332,0.0041730403900146484
1264,1,35332,0.004312992095947266
1265,1,35332,0.004178762435913086
1266,1,35332,0.0042629241943359375
1267,1,35332,0.004198789596557617
1268,1,35332,0.004251241683959961
1269,1,35332,0.004286050796508789
1270,1,35332,0.004155874252319336
1271,1,35332,0.004348278045654297
1272,1,35332,0.0041582584381103516
1273,1,35332,0.0042879581451416016
1274,1,35332,0.004171133041381836
1275,1,35332,0.0042722225189208984
1276,1,35332,0.004129648208618164
1277,1,35332,0.004232883453369141
1278,1,35332,0.004167795181274414
1279,1,35332,0.004168987274169922
1280,1,35332,0.00415492057800293
1281,1,35332,0.004212856292724609
1282,1,35332,0.004132986068725586
1283,1,35332,0.004153013229370117
1284,1,35332,0.004133701324462891
1285,1,35332,0.0041468143463134766
1286,1,35332,0.0041961669921875
1287,1,35332,0.004106044769287109
1288,1,35332,0.0042612552642822266
1289,1,35332,0.00411224365234375
1290,1,35332,0.004219770431518555
1291,1,35332,0.004148006439208984
1292,1,35332,0.00421905517578125
1293,1,35332,0.004143953323364258
1294,1,35332,0.004176139831542969
1295,1,35332,0.004132270812988281
1296,1,35332,0.004195690155029297
1297,1,35332,0.0041179656982421875
1298,1,35332,0.004197120666503906
1299,1,35332,0.004199981689453125
1300,1,35332,0.0041310787200927734
1301,1,35332,0.00423121452331543
1302,1,35332,0.004282236099243164
1303,1,35332,0.004118919372558594
1304,1,35332,0.004180908203125
1305,1,35332,0.004153013229370117
1306,1,35332,0.004227876663208008
1307,1,35332,0.004113912582397461
1308,1,35332,0.0042302608489990234
1309,1,35332,0.004205226898193359
1310,1,35332,0.004263877868652344
1311,1,35332,0.004219770431518555
1312,1,35332,0.004165172576904297
1313,1,35332,0.004223823547363281
1314,1,35332,0.004172086715698242
1315,1,35332,0.004219770431518555
1316,1,35332,0.004186868667602539
1317,1,35332,0.0041332244873046875
1318,1,35332,0.004174232482910156
1319,1,35332,0.0041961669921875
1320,1,35332,0.004199981689453125
1321,1,35332,0.004167079925537109
1322,1,35332,0.0042629241943359375
1323,1,35332,0.004189968109130859
1324,1,35332,0.004208087921142578
1325,1,35332,0.00439000129699707
1326,1,35332,0.004318952560424805
1327,1,35332,0.004316091537475586
1328,1,35332,0.004322052001953125
1329,1,35332,0.00432896614074707
1330,1,35332,0.004230976104736328
1331,1,35332,0.00415492057800293
1332,1,35332,0.004254817962646484
1333,1,35332,0.004155874252319336
1334,1,35332,0.004136085510253906
1335,1,35332,0.004185676574707031
1336,1,35332,0.004147052764892578
1337,1,35332,0.004264116287231445
1338,1,35332,0.004147052764892578
1339,1,35332,0.004200935363769531
1340,1,35332,0.004156827926635742
1341,1,35332,0.004148006439208984
1342,1,35332,0.004090070724487305
1343,1,35332,0.004221200942993164
1344,1,35332,0.004119157791137695
1345,1,35332,0.004158973693847656
1346,1,35332,0.004096031188964844
1347,1,35332,0.004309892654418945
1348,1,35332,0.004153251647949219
1349,1,35332,0.004270792007446289
1350,1,35332,0.004137992858886719
1351,1,35332,0.0042150020599365234
1352,1,35332,0.004165172576904297
1353,1,35332,0.004166126251220703
1354,1,35332,0.004201173782348633
1355,1,35332,0.004145145416259766
1356,1,35332,0.004229307174682617
1357,1,35332,0.0041980743408203125
1358,1,35332,0.004209995269775391
1359,1,35332,0.0041730403900146484
1360,1,35332,0.004190921783447266
1361,1,35332,0.004169940948486328
1362,1,35332,0.004119873046875
1363,1,35332,0.0043599605560302734
1364,1,35332,0.0043451786041259766
1365,1,35332,0.004370927810668945
1366,1,35332,0.004183053970336914
1367,1,35332,0.004266977310180664
1368,1,35332,0.004248142242431641
1369,1,35332,0.004129886627197266
1370,1,35332,0.0041429996490478516
1371,1,35332,0.004166126251220703
1372,1,35332,0.0041141510009765625
1373,1,35332,0.004260063171386719
1374,1,35332,0.004119157791137695
1375,1,35332,0.00425410270690918
1376,1,35332,0.004107952117919922
1377,1,35332,0.0042629241943359375
1378,1,35332,0.00413203239440918
1379,1,35332,0.004189014434814453
1380,1,35332,0.004151105880737305
1381,1,35332,0.004147052764892578
1382,1,35332,0.004149913787841797
1383,1,35332,0.0041577816009521484
1384,1,35332,0.0042040348052978516
1385,1,35332,0.00409698486328125
1386,1,35332,0.004260063171386719
1387,1,35332,0.004139900207519531
1388,1,35332,0.0041997432708740234
1389,1,35332,0.004153013229370117
1390,1,35332,0.0041239261627197266
1391,1,35332,0.004158973693847656
1392,1,35332,0.004247188568115234
1393,1,35332,0.004136800765991211
1394,1,35332,0.004251956939697266
1395,1,35332,0.004143953323364258
1396,1,35332,0.0042340755462646484
1397,1,35332,0.004154682159423828
1398,1,35332,0.004272937774658203
1399,1,35332,0.0041348934173583984
1400,1,35332,0.0041637420654296875
1401,1,35332,0.0041217803955078125
1402,1,35332,0.0042150020599365234
1403,1,35332,0.004208087921142578
1404,1,35332,0.0041692256927490234
1405,1,35332,0.004271030426025391
1406,1,35332,0.0041882991790771484
1407,1,35332,0.004227876663208008
1408,1,35332,0.004196882247924805
1409,1,35332,0.004240989685058594
1410,1,35332,0.004170894622802734
1411,1,35332,0.00418400764465332
1412,1,35332,0.004190921783447266
1413,1,35332,0.0042459964752197266
1414,1,35332,0.00415802001953125
1415,1,35332,0.004273176193237305
1416,1,35332,0.004144906997680664
1417,1,35332,0.00426483154296875
1418,1,35332,0.004142045974731445
1419,1,35332,0.0041961669921875
1420,1,35332,0.004218101501464844
1421,1,35332,0.0041921138763427734
1422,1,35332,0.004312038421630859
1423,1,35332,0.00417017936706543
1424,1,35332,0.004203081130981445
1425,1,35332,0.004156827926635742
1426,1,35332,0.004302978515625
1427,1,35332,0.004168987274169922
1428,1,35332,0.004282236099243164
1429,1,35332,0.004213094711303711
1430,1,35332,0.004041910171508789
1431,1,35332,0.004241228103637695
1432,1,35332,0.004110097885131836
1433,1,35332,0.004210948944091797
1434,1,35332,0.004235029220581055
1435,1,35332,0.004151105880737305
1436,1,35332,0.0041959285736083984
1437,1,35332,0.004224061965942383
1438,1,35332,0.004168987274169922
1439,1,35332,0.0042629241943359375
1440,1,35332,0.004113912582397461
1441,1,35332,0.004332780838012695
1442,1,35332,0.004133939743041992
1443,1,35332,0.004229068756103516
1444,1,35332,0.0041620731353759766
1445,1,35332,0.004317045211791992
1446,1,35332,0.004148006439208984
1447,1,35332,0.004205226898193359
1448,1,35332,0.0042188167572021484
1449,1,35332,0.004204988479614258
1450,1,35332,0.004294872283935547
1451,1,35332,0.004212141036987305
1452,1,35332,0.004273176193237305
1453,1,35332,0.004202127456665039
1454,1,35332,0.004216909408569336
1455,1,35332,0.004193782806396484
1456,1,35332,0.004256010055541992
1457,1,35332,0.004137992858886719
1458,1,35332,0.00426483154296875
1459,1,35332,0.0041310787200927734
1460,1,35332,0.004254817962646484
1461,1,35332,0.004121065139770508
1462,1,35332,0.0042171478271484375
1463,1,35332,0.004151105880737305
1464,1,35332,0.004218101501464844
1465,1,35332,0.004183053970336914
1466,1,35332,0.004163265228271484
1467,1,35332,0.0042459964752197266
1468,1,35332,0.004148960113525391
1469,1,35332,0.004240274429321289
1470,1,35332,0.004170894622802734
1471,1,35332,0.00424504280090332
1472,1,35332,0.004158973693847656
1473,1,35332,0.00421905517578125
1474,1,35332,0.00415802001953125
1475,1,35332,0.0042438507080078125
1476,1,35332,0.004204988479614258
1477,1,35332,0.004133939743041992
1478,1,35332,0.004136085510253906
1479,1,35332,0.004263877868652344
1480,1,35332,0.004150867462158203
1481,1,35332,0.004178047180175781
1482,1,35332,0.004302263259887695
1483,1,35332,0.004183769226074219
1484,1,35332,0.004246950149536133
1485,1,35332,0.004155874252319336
1486,1,35332,0.0042858123779296875
1487,1,35332,0.004171848297119141
1488,1,35332,0.0042078495025634766
1489,1,35332,0.004163265228271484
1490,1,35332,0.004228830337524414
1491,1,35332,0.004208087921142578
1492,1,35332,0.004177093505859375
1493,1,35332,0.00427699089050293
1494,1,35332,0.004239082336425781
1495,1,35332,0.004270792007446289
1496,1,35332,0.004206180572509766
1497,1,35332,0.004235029220581055
1498,1,35332,0.004190921783447266
1499,1,35332,0.004180908203125
1500,1,35332,0.004225969314575195
1501,1,35332,0.004252910614013672
1502,1,35332,0.004224061965942383
1503,1,35332,0.004216909408569336
1504,1,35332,0.0041501522064208984
1505,1,35332,0.004125356674194336
1506,1,35332,0.004101991653442383
1507,1,35332,0.0041620731353759766
1508,1,35332,0.00416111946105957
1509,1,35332,0.004133939743041992
1510,1,35332,0.004250764846801758
1511,1,35332,0.004107952117919922
1512,1,35332,0.004235029220581055
1513,1,35332,0.004140138626098633
1514,1,35332,0.004246950149536133
1515,1,35332,0.004158973693847656
1516,1,35332,0.004144191741943359
1517,1,35332,0.004165172576904297
1518,1,35332,0.004140138626098633
1519,1,35332,0.004215240478515625
1520,1,35332,0.004165172576904297
1521,1,35332,0.0043048858642578125
1522,1,35332,0.004314899444580078
1523,1,35332,0.0042040348052978516
1524,1,35332,0.004224061965942383
1525,1,35332,0.004229068756103516
1526,1,35332,0.0041849613189697266
1527,1,35332,0.004212141036987305
1528,1,35332,0.004235982894897461
1529,1,35332,0.004293203353881836
1530,1,35332,0.004189014434814453
1531,1,35332,0.0043218135833740234
1532,1,35332,0.004192829132080078
1533,1,35332,0.0043163299560546875
1534,1,35332,0.004175901412963867
1535,1,35332,0.004196882247924805
1536,1,35332,0.004224061965942383
1537,1,35332,0.004168987274169922
1538,1,35332,0.00424504280090332
1539,1,35332,0.00420379638671875
1540,1,35332,0.00426483154296875
1541,1,35332,0.0042150020599365234
1542,1,35332,0.004231929779052734
1543,1,35332,0.004218101501464844
1544,1,35332,0.004206180572509766
1545,1,35332,0.004194974899291992
1546,1,35332,0.004240274429321289
1547,1,35332,0.004137992858886719
1548,1,35332,0.004282712936401367
1549,1,35332,0.004182100296020508
1550,1,35332,0.004198789596557617
1551,1,35332,0.004167079925537109
1552,1,35332,0.0041980743408203125
1553,1,35332,0.0041997432708740234
1554,1,35332,0.004143953323364258
1555,1,35332,0.004247903823852539
1556,1,35332,0.004136800765991211
1557,1,35332,0.004258155822753906
1558,1,35332,0.004332065582275391
1559,1,35332,0.004342079162597656
1560,1,35332,0.004345893859863281
1561,1,35332,0.0042879581451416016
1562,1,35332,0.004335880279541016
1563,1,35332,0.004140138626098633
1564,1,35332,0.004273891448974609
1565,1,35332,0.004151105880737305
1566,1,35332,0.004186153411865234
1567,1,35332,0.004238128662109375
1568,1,35332,0.004198789596557617
1569,1,35332,0.004170894622802734
1570,1,35332,0.00429081916809082
1571,1,35332,0.004232168197631836
1572,1,35332,0.00434422492980957
1573,1,35332,0.004182100296020508
1574,1,35332,0.004302024841308594
1575,1,35332,0.0042002201080322266
1576,1,35332,0.0042078495025634766
1577,1,35332,0.004250288009643555
1578,1,35332,0.004217863082885742
1579,1,35332,0.00428318977355957
1580,1,35332,0.0041790008544921875
1581,1,35332,0.004270076751708984
1582,1,35332,0.004210948944091797
1583,1,35332,0.00422215461730957
1584,1,35332,0.004211902618408203
1585,1,35332,0.004198789596557617
1586,1,35332,0.004294872283935547
1587,1,35332,0.004198789596557617
1588,1,35332,0.004212141036987305
1589,1,35332,0.004269123077392578
1590,1,35332,0.0041849613189697266
1591,1,35332,0.004171133041381836
1592,1,35332,0.004173994064331055
1593,1,35332,0.00415492057800293
1594,1,35332,0.004286766052246094
1595,1,35332,0.0041730403900146484
1596,1,35332,0.00426793098449707
1597,1,35332,0.0041811466217041016
1598,1,35332,0.004278898239135742
1599,1,35332,0.004201173782348633
1600,1,35332,0.004202127456665039
1601,1,35332,0.0041730403900146484
1602,1,35332,0.004172086715698242
1603,1,35332,0.004268169403076172
1604,1,35332,0.004186868667602539
1605,1,35332,0.0042498111724853516
1606,1,35332,0.004157066345214844
1607,1,35332,0.00426793098449707
1608,1,35332,0.004156351089477539
1609,1,35332,0.004229068756103516
1610,1,35332,0.0041577816009521484
1611,1,35332,0.0043392181396484375
1612,1,35332,0.0042040348052978516
1613,1,35332,0.0041010379791259766
1614,1,35332,0.004163026809692383
1615,1,35332,0.004149198532104492
1616,1,35332,0.004218101501464844
1617,1,35332,0.004148006439208984
1618,1,35332,0.004302263259887695
1619,1,35332,0.004194021224975586
1620,1,35332,0.0043010711669921875
1621,1,35332,0.0041768550872802734
1622,1,35332,0.004209041595458984
1623,1,35332,0.004186153411865234
1624,1,35332,0.004171848297119141
1625,1,35332,0.004315853118896484
1626,1,35332,0.0041348934173583984
1627,1,35332,0.004283905029296875
1628,1,35332,0.004155874252319336
1629,1,35332,0.004323005676269531
1630,1,35332,0.004168033599853516
1631,1,35332,0.004255056381225586
1632,2,34414,0.0049359798431396484
1633,2,34414,0.004517078399658203
1634,2,34414,0.004528045654296875
1635,2,34414,0.006926298141479492
1636,2,34414,0.006471872329711914
1637,2,34414,0.004559993743896484
1638,2,34414,0.010772943496704102
1639,2,34414,0.00450897216796875
1640,2,34414,0.004546165466308594
1641,2,34414,0.004537105560302734
1642,2,34414,0.004474163055419922
1643,2,34414,0.00449681282043457
1644,2,34414,0.0044689178466796875
1645,2,34414,0.004513978958129883
1646,2,34414,0.004451751708984375
1647,2,34414,0.004479885101318359
1648,2,34414,0.0044078826904296875
1649,2,34414,0.004518985748291016
1650,2,34414,0.004420042037963867
1651,2,34414,0.004467964172363281
1652,2,34414,0.004591941833496094
1653,2,34414,0.0043048858642578125
1654,2,34414,0.0044438838958740234
1655,2,34414,0.0042650699615478516
1656,2,34414,0.004483222961425781
1657,2,34414,0.004303932189941406
1658,2,34414,0.004369974136352539
1659,2,34414,0.0043141841888427734
1660,2,34414,0.004350900650024414
1661,2,34414,0.0044329166412353516
1662,2,34414,0.004292011260986328
1663,2,34414,0.00443720817565918
1664,2,34414,0.004297971725463867
1665,2,34414,0.004482746124267578
1666,2,34414,0.004308938980102539
1667,2,34414,0.00436711311340332
1668,2,34414,0.004389286041259766
1669,2,34414,0.004334926605224609
1670,2,34414,0.004420042037963867
1671,2,34414,0.004331827163696289
1672,2,34414,0.004299163818359375
1673,2,34414,0.00437617301940918
1674,2,34414,0.004136800765991211
1675,2,34414,0.004398822784423828
1676,2,34414,0.0042722225189208984
1677,2,34414,0.004396915435791016
1678,2,34414,0.0042340755462646484
1679,2,34414,0.004453897476196289
1680,2,34414,0.004285335540771484
1681,2,34414,0.004453897476196289
1682,2,34414,0.0042607784271240234
1683,2,34414,0.004431247711181641
1684,2,34414,0.004282951354980469
1685,2,34414,0.004498958587646484
1686,2,34414,0.0043370723724365234
1687,2,34414,0.004290103912353516
1688,2,34414,0.004420042037963867
1689,2,34414,0.004266977310180664
1690,2,34414,0.00447392463684082
1691,2,34414,0.004318952560424805
1692,2,34414,0.004330873489379883
1693,2,34414,0.004302978515625
1694,2,34414,0.004279136657714844
1695,2,34414,0.004525184631347656
1696,2,34414,0.004287004470825195
1697,2,34414,0.004446983337402344
1698,2,34414,0.004266262054443359
1699,2,34414,0.004465818405151367
1700,2,34414,0.004264116287231445
1701,2,34414,0.004403829574584961
1702,2,34414,0.004421710968017578
1703,2,34414,0.0042760372161865234
1704,2,34414,0.0044858455657958984
1705,2,34414,0.0046999454498291016
1706,2,34414,0.004499912261962891
1707,2,34414,0.004462003707885742
1708,2,34414,0.004420042037963867
1709,2,34414,0.004452943801879883
1710,2,34414,0.004288196563720703
1711,2,34414,0.004284858703613281
1712,2,34414,0.004373073577880859
1713,2,34414,0.00437617301940918
1714,2,34414,0.004366874694824219
1715,2,34414,0.0044689178466796875
1716,2,34414,0.004277944564819336
1717,2,34414,0.004464864730834961
1718,2,34414,0.004251241683959961
1719,2,34414,0.004411220550537109
1720,2,34414,0.004295825958251953
1721,2,34414,0.004341840744018555
1722,2,34414,0.004363059997558594
1723,2,34414,0.004273176193237305
1724,2,34414,0.0044879913330078125
1725,2,34414,0.004290103912353516
1726,2,34414,0.00438690185546875
1727,2,34414,0.004261970520019531
1728,2,34414,0.0044291019439697266
1729,2,34414,0.0043680667877197266
1730,2,34414,0.0043141841888427734
1731,2,34414,0.004495143890380859
1732,2,34414,0.004299163818359375
1733,2,34414,0.00450587272644043
1734,2,34414,0.0042879581451416016
1735,2,34414,0.004474163055419922
1736,2,34414,0.0043027400970458984
1737,2,34414,0.004426717758178711
1738,2,34414,0.0043010711669921875
1739,2,34414,0.0043201446533203125
1740,2,34414,0.004445075988769531
1741,2,34414,0.004505157470703125
1742,2,34414,0.0042498111724853516
1743,2,34414,0.0044519901275634766
1744,2,34414,0.004366159439086914
1745,2,34414,0.004293203353881836
1746,2,34414,0.004418849945068359
1747,2,34414,0.0043179988861083984
1748,2,34414,0.004418849945068359
1749,2,34414,0.00431513786315918
1750,2,34414,0.004487037658691406
1751,2,34414,0.0044651031494140625
1752,2,34414,0.004498004913330078
1753,2,34414,0.004464864730834961
1754,2,34414,0.004368782043457031
1755,2,34414,0.004677295684814453
1756,2,34414,0.004342079162597656
1757,2,34414,0.004435062408447266
1758,2,34414,0.004388093948364258
1759,2,34414,0.0042989253997802734
1760,2,34414,0.004453182220458984
1761,2,34414,0.004296779632568359
1762,2,34414,0.004534006118774414
1763,2,34414,0.004270076751708984
1764,2,34414,0.004391908645629883
1765,2,34414,0.004323005676269531
1766,2,34414,0.00432896614074707
1767,2,34414,0.0044248104095458984
1768,2,34414,0.00429987907409668
1769,2,34414,0.004511356353759766
1770,2,34414,0.0042989253997802734
1771,2,34414,0.004297018051147461
1772,2,34414,0.004359006881713867
1773,2,34414,0.0045011043548583984
1774,2,34414,0.004233360290527344
1775,2,34414,0.004491090774536133
1776,2,34414,0.004296064376831055
1777,2,34414,0.00434422492980957
1778,2,34414,0.004320859909057617
1779,2,34414,0.004307985305786133
1780,2,34414,0.0044591426849365234
1781,2,34414,0.004258155822753906
1782,2,34414,0.004507303237915039
1783,2,34414,0.0043108463287353516
1784,2,34414,0.004434108734130859
1785,2,34414,0.00428009033203125
1786,2,34414,0.004378080368041992
1787,2,34414,0.004322052001953125
1788,2,34414,0.00431060791015625
1789,2,34414,0.004481077194213867
1790,2,34414,0.004251956939697266
1791,2,34414,0.004456043243408203
1792,2,34414,0.0043010711669921875
1793,2,34414,0.004436016082763672
1794,2,34414,0.004285097122192383
1795,2,34414,0.0043790340423583984
1796,2,34414,0.004395961761474609
1797,2,34414,0.00427699089050293
1798,2,34414,0.004472017288208008
1799,2,34414,0.004354715347290039
1800,2,34414,0.004436016082763672
1801,2,34414,0.0043828487396240234
1802,2,34414,0.0044820308685302734
1803,2,34414,0.004289150238037109
1804,2,34414,0.004440784454345703
1805,2,34414,0.004258155822753906
1806,2,34414,0.004452943801879883
1807,2,34414,0.004327058792114258
1808,2,34414,0.004346132278442383
1809,2,34414,0.004484891891479492
1810,2,34414,0.004292964935302734
1811,2,34414,0.004517316818237305
1812,2,34414,0.004258155822753906
1813,2,34414,0.004500150680541992
1814,2,34414,0.0042917728424072266
1815,2,34414,0.004310131072998047
1816,2,34414,0.004419088363647461
1817,2,34414,0.004489898681640625
1818,2,34414,0.0045011043548583984
1819,2,34414,0.004489898681640625
1820,2,34414,0.0044710636138916016
1821,2,34414,0.0046007633209228516
1822,2,34414,0.0045549869537353516
1823,2,34414,0.0045130252838134766
1824,2,34414,0.004375934600830078
1825,2,34414,0.004525184631347656
1826,2,34414,0.004330873489379883
1827,2,34414,0.004355192184448242
1828,2,34414,0.004509925842285156
1829,2,34414,0.004317045211791992
1830,2,34414,0.0044708251953125
1831,2,34414,0.004472017288208008
1832,2,34414,0.0043489933013916016
1833,2,34414,0.004333019256591797
1834,2,34414,0.004434108734130859
1835,2,34414,0.004286289215087891
1836,2,34414,0.004362821578979492
1837,2,34414,0.004282951354980469
1838,2,34414,0.004369974136352539
1839,2,34414,0.004503965377807617
1840,2,34414,0.004275083541870117
1841,2,34414,0.0043332576751708984
1842,2,34414,0.004287004470825195
1843,2,34414,0.004452228546142578
1844,2,34414,0.004253864288330078
1845,2,34414,0.004461050033569336
1846,2,34414,0.00432896614074707
1847,2,34414,0.0043141841888427734
1848,2,34414,0.004454851150512695
1849,2,34414,0.0043277740478515625
1850,2,34414,0.0044329166412353516
1851,2,34414,0.004269838333129883
1852,2,34414,0.004493236541748047
1853,2,34414,0.004266262054443359
1854,2,34414,0.00439000129699707
1855,2,34414,0.004454135894775391
1856,2,34414,0.004252910614013672
1857,2,34414,0.004446268081665039
1858,2,34414,0.004273176193237305
1859,2,34414,0.004488945007324219
1860,2,34414,0.004270792007446289
1861,2,34414,0.0043718814849853516
1862,2,34414,0.0042722225189208984
1863,2,34414,0.004438161849975586
1864,2,34414,0.004292726516723633
1865,2,34414,0.0044591426849365234
1866,2,34414,0.00429987907409668
1867,2,34414,0.00429081916809082
1868,2,34414,0.004251956939697266
1869,2,34414,0.004323244094848633
1870,2,34414,0.004428863525390625
1871,2,34414,0.004287242889404297
1872,2,34414,0.0044209957122802734
1873,2,34414,0.004297971725463867
1874,2,34414,0.004332065582275391
1875,2,34414,0.004323244094848633
1876,2,34414,0.004328012466430664
1877,2,34414,0.00451207160949707
1878,2,34414,0.004284858703613281
1879,2,34414,0.0044558048248291016
1880,2,34414,0.004300117492675781
1881,2,34414,0.004488945007324219
1882,2,34414,0.004289150238037109
1883,2,34414,0.004323005676269531
1884,2,34414,0.004477024078369141
1885,2,34414,0.004261016845703125
1886,2,34414,0.0044519901275634766
1887,2,34414,0.004333972930908203
1888,2,34414,0.004456996917724609
1889,2,34414,0.004266023635864258
1890,2,34414,0.004353046417236328
1891,2,34414,0.004294157028198242
1892,2,34414,0.004461765289306641
1893,2,34414,0.004312276840209961
1894,2,34414,0.004494905471801758
1895,2,34414,0.004398822784423828
1896,2,34414,0.004308938980102539
1897,2,34414,0.0044710636138916016
1898,2,34414,0.004272937774658203
1899,2,34414,0.00438690185546875
1900,2,34414,0.00431513786315918
1901,2,34414,0.00432896614074707
1902,2,34414,0.004294872283935547
1903,2,34414,0.0043828487396240234
1904,2,34414,0.004377841949462891
1905,2,34414,0.004294157028198242
1906,2,34414,0.004527091979980469
1907,2,34414,0.004320859909057617
1908,2,34414,0.004518032073974609
1909,2,34414,0.004347801208496094
1910,2,34414,0.004393815994262695
1911,2,34414,0.004477977752685547
1912,2,34414,0.0042629241943359375
1913,2,34414,0.0044591426849365234
1914,2,34414,0.004308938980102539
1915,2,34414,0.00429534912109375
1916,2,34414,0.004289865493774414
1917,2,34414,0.0043451786041259766
1918,2,34414,0.0044689178466796875
1919,2,34414,0.004264116287231445
1920,2,34414,0.004461050033569336
1921,2,34414,0.004413127899169922
1922,2,34414,0.004289150238037109
1923,2,34414,0.0043179988861083984
1924,2,34414,0.0044858455657958984
1925,2,34414,0.004251003265380859
1926,2,34414,0.004457950592041016
1927,2,34414,0.004300832748413086
1928,2,34414,0.0043489933013916016
1929,2,34414,0.004308938980102539
1930,2,34414,0.004337310791015625
1931,2,34414,0.0044307708740234375
1932,2,34414,0.004296302795410156
1933,2,34414,0.004480838775634766
1934,2,34414,0.004287004470825195
1935,2,34414,0.004399299621582031
1936,2,34414,0.004307746887207031
1937,2,34414,0.004266977310180664
1938,2,34414,0.004373073577880859
1939,2,34414,0.004297018051147461
1940,2,34414,0.004395008087158203
1941,2,34414,0.004346132278442383
1942,2,34414,0.0044820308685302734
1943,2,34414,0.004280805587768555
1944,2,34414,0.004331827163696289
1945,2,34414,0.004388093948364258
1946,2,34414,0.004173994064331055
1947,2,34414,0.004422187805175781
1948,2,34414,0.004282951354980469
1949,2,34414,0.004427194595336914
1950,2,34414,0.004307985305786133
1951,2,34414,0.004427194595336914
1952,2,34414,0.00426793098449707
1953,2,34414,0.0044362545013427734
1954,2,34414,0.0043561458587646484
1955,2,34414,0.004323005676269531
1956,2,34414,0.004300117492675781
1957,2,34414,0.004280805587768555
1958,2,34414,0.004422903060913086
1959,2,34414,0.00428009033203125
1960,2,34414,0.004439115524291992
1961,2,34414,0.004274129867553711
1962,2,34414,0.004446983337402344
1963,2,34414,0.004323005676269531
1964,2,34414,0.0042572021484375
1965,2,34414,0.0044040679931640625
1966,2,34414,0.00428318977355957
1967,2,34414,0.0044939517974853516
1968,2,34414,0.004250049591064453
1969,2,34414,0.004349946975708008
1970,2,34414,0.0044291019439697266
1971,2,34414,0.004256010055541992
1972,2,34414,0.010388851165771484
1973,2,34414,0.0044710636138916016
1974,2,34414,0.004336833953857422
1975,2,34414,0.00432896614074707
1976,2,34414,0.00436091423034668
1977,2,34414,0.004247188568115234
1978,2,34414,0.0044443607330322266
1979,2,34414,0.0043027400970458984
1980,2,34414,0.004446268081665039
1981,2,34414,0.00431370735168457
1982,2,34414,0.0043430328369140625
1983,2,34414,0.004370927810668945
1984,2,34414,0.004267215728759766
1985,2,34414,0.004452943801879883
1986,2,34414,0.004267692565917969
1987,2,34414,0.004392862319946289
1988,2,34414,0.004256010055541992
1989,2,34414,0.004616975784301758
1990,2,34414,0.004532337188720703
1991,2,34414,0.004887104034423828
1992,2,34414,0.004625797271728516
1993,2,34414,0.004875898361206055
1994,2,34414,0.0045092105865478516
1995,2,34414,0.0043239593505859375
1996,2,34414,0.004380702972412109
1997,2,34414,0.004397153854370117
1998,2,34414,0.004264116287231445
1999,2,34414,0.00442194938659668
2000,2,34414,0.004304170608520508
2001,2,34414,0.004615068435668945
2002,2,34414,0.004701137542724609
2003,2,34414,0.004394054412841797
2004,2,34414,0.004469156265258789
2005,2,34414,0.004328012466430664
2006,2,34414,0.004403352737426758
2007,2,34414,0.0043337345123291016
2008,2,34414,0.004363059997558594
2009,2,34414,0.004392862319946289
2010,2,34414,0.004271984100341797
2011,2,34414,0.0044651031494140625
2012,2,34414,0.00427699089050293
2013,2,34414,0.004480123519897461
2014,2,34414,0.004288911819458008
2015,2,34414,0.004436016082763672
2016,2,34414,0.004293203353881836
2017,2,34414,0.0044171810150146484
2018,2,34414,0.004246711730957031
2019,2,34414,0.004323005676269531
2020,2,34414,0.004456281661987305
2021,2,34414,0.00425410270690918
2022,2,34414,0.004392862319946289
2023,2,34414,0.004243135452270508
2024,2,34414,0.004461050033569336
2025,2,34414,0.004283905029296875
